{
    "class_name" : "ViewTrajectory",
    "interval" : 29,
    "is_loop" : false,
    "trajectory" : 
    [
        {
            "boundingbox_max" : [ 0.38281199999999999, 0.31054700000000002, -0.17968799999999999 ],
            "boundingbox_min" : [ -0.35791000000000001, -0.27319300000000002, -0.68164100000000005 ],
            "field_of_view" : 60.0,
            "front" : [ 0.62115219026923585, 0.31376046354874138, 0.71813949065443405 ],
            "lookat" : [ 0.01245099999999999, 0.018676999999999999, -0.43066450000000001 ],
            "up" : [ -0.51969945700730857, 0.85080020653636113, 0.077791278071478093 ],
            "zoom" : 0.69999999999999996
        }
    ],
    "version_major" : 1,
    "version_minor" : 0
}